{
  "loss": 0.43674006760120393,
  "loss_action": 0.43278097063302995,
  "loss_kl": 39.59093246459961
}